[
    {
        "url": "https://www.jagonews24.com/economy/news/770355"
    },
    {
        "url": "https://www.jagonews24.com/country/news/748123"
    },
    {
        "url": "https://www.jagonews24.com/economy/news/757722"
    },
    {
        "url": "https://www.jagonews24.com/national/news/686899"
    },
    {
        "url": "https://www.jagonews24.com/economy/news/808950"
    },
    {
        "url": "https://www.jagonews24.com/economy/news/647761"
    },
    {
        "url": "https://www.jagonews24.com/national/news/747836"
    },
    {
        "url": "https://www.jagonews24.com/economy/news/927529"
    },
    {
        "url": "https://www.jagonews24.com/law-courts/news/963758"
    },
    {
        "url": "https://www.jagonews24.com/national/news/618597"
    },
    {
        "url": "https://www.jagonews24.com/economy/news/937928"
    },
    {
        "url": "https://www.jagonews24.com/economy/news/898959"
    },
    {
        "url": "https://www.jagonews24.com/economy/news/746715"
    },
    {
        "url": "https://www.jagonews24.com/economy/news/902503"
    },
    {
        "url": "https://www.jagonews24.com/national/news/840177"
    },
    {
        "url": "https://www.jagonews24.com/economy/news/927438"
    },
    {
        "url": "https://www.jagonews24.com/country/news/787813"
    },
    {
        "url": "https://www.jagonews24.com/economy/news/854102"
    },
    {
        "url": "https://www.jagonews24.com/country/news/668390"
    },
    {
        "url": "https://www.jagonews24.com/country/news/574434"
    },
    {
        "url": "https://www.jagonews24.com/economy/news/786649"
    },
    {
        "url": "https://www.jagonews24.com/economy/news/567941"
    },
    {
        "url": "https://www.jagonews24.com/country/news/689281"
    },
    {
        "url": "https://www.jagonews24.com/economy/news/900056"
    },
    {
        "url": "https://www.jagonews24.com/country/news/842482"
    },
    {
        "url": "https://www.jagonews24.com/national/news/782578"
    },
    {
        "url": "https://www.jagonews24.com/national/news/559343"
    },
    {
        "url": "https://www.jagonews24.com/country/news/752558"
    },
    {
        "url": "https://www.jagonews24.com/country/news/541326"
    },
    {
        "url": "https://www.jagonews24.com/country/news/772270"
    },
    {
        "url": "https://www.jagonews24.com/economy/news/900754"
    },
    {
        "url": "https://www.jagonews24.com/economy/news/687375"
    },
    {
        "url": "https://www.jagonews24.com/national/news/682094"
    },
    {
        "url": "https://www.jagonews24.com/economy/news/547727"
    },
    {
        "url": "https://www.jagonews24.com/law-courts/news/863609"
    },
    {
        "url": "https://www.jagonews24.com/country/news/657827"
    },
    {
        "url": "https://www.jagonews24.com/economy/news/894610"
    },
    {
        "url": "https://www.jagonews24.com/national/news/676687"
    },
    {
        "url": "https://www.jagonews24.com/economy/news/700843"
    },
    {
        "url": "https://www.jagonews24.com/national/news/785060"
    },
    {
        "url": "https://www.jagonews24.com/economy/news/917463"
    },
    {
        "url": "https://www.jagonews24.com/economy/news/946253"
    },
    {
        "url": "https://www.jagonews24.com/economy/news/749410"
    },
    {
        "url": "https://www.jagonews24.com/country/news/681673"
    },
    {
        "url": "https://www.jagonews24.com/economy/news/934088"
    },
    {
        "url": "https://www.jagonews24.com/national/news/655693"
    },
    {
        "url": "https://www.jagonews24.com/economy/news/782457"
    },
    {
        "url": "https://www.jagonews24.com/economy/news/609413"
    },
    {
        "url": "https://www.jagonews24.com/economy/news/714071"
    },
    {
        "url": "https://www.jagonews24.com/economy/news/868968"
    },
    {
        "url": "https://www.jagonews24.com/country/news/915780"
    },
    {
        "url": "https://www.jagonews24.com/country/news/748462"
    },
    {
        "url": "https://www.jagonews24.com/economy/news/933735"
    },
    {
        "url": "https://www.jagonews24.com/national/news/594585"
    },
    {
        "url": "https://www.jagonews24.com/country/news/888867"
    },
    {
        "url": "https://www.jagonews24.com/economy/news/791227"
    },
    {
        "url": "https://www.jagonews24.com/economy/news/671133"
    },
    {
        "url": "https://www.jagonews24.com/economy/news/519093"
    },
    {
        "url": "https://www.jagonews24.com/country/news/741792"
    },
    {
        "url": "https://www.jagonews24.com/economy/news/527399"
    },
    {
        "url": "https://www.jagonews24.com/economy/news/808700"
    },
    {
        "url": "https://www.jagonews24.com/national/news/537073"
    },
    {
        "url": "https://www.jagonews24.com/economy/news/785622"
    },
    {
        "url": "https://www.jagonews24.com/economy/news/583446"
    },
    {
        "url": "https://www.jagonews24.com/national/news/922797"
    },
    {
        "url": "https://www.jagonews24.com/economy/news/914560"
    },
    {
        "url": "https://www.jagonews24.com/economy/news/760656"
    },
    {
        "url": "https://www.jagonews24.com/economy/news/610109"
    },
    {
        "url": "https://www.jagonews24.com/country/news/573986"
    },
    {
        "url": "https://www.jagonews24.com/economy/news/779665"
    },
    {
        "url": "https://www.jagonews24.com/economy/news/864254"
    },
    {
        "url": "https://www.jagonews24.com/economy/news/891914"
    },
    {
        "url": "https://www.jagonews24.com/economy/news/704523"
    },
    {
        "url": "https://www.jagonews24.com/national/news/908860"
    },
    {
        "url": "https://www.jagonews24.com/economy/news/817492"
    },
    {
        "url": "https://www.jagonews24.com/national/news/871760"
    },
    {
        "url": "https://www.jagonews24.com/national/news/836349"
    },
    {
        "url": "https://www.jagonews24.com/national/news/748661"
    },
    {
        "url": "https://www.jagonews24.com/country/news/754890"
    },
    {
        "url": "https://www.jagonews24.com/politics/news/742193"
    },
    {
        "url": "https://www.jagonews24.com/national/news/706419"
    },
    {
        "url": "https://www.jagonews24.com/economy/news/796187"
    },
    {
        "url": "https://www.jagonews24.com/law-courts/news/580903"
    },
    {
        "url": "https://www.jagonews24.com/national/news/789737"
    },
    {
        "url": "https://www.jagonews24.com/economy/news/822882"
    },
    {
        "url": "https://www.jagonews24.com/country/news/750786"
    },
    {
        "url": "https://www.jagonews24.com/economy/news/956299"
    },
    {
        "url": "https://www.jagonews24.com/country/news/838865"
    },
    {
        "url": "https://www.jagonews24.com/country/news/819491"
    },
    {
        "url": "https://www.jagonews24.com/country/news/543191"
    },
    {
        "url": "https://www.jagonews24.com/economy/news/835079"
    },
    {
        "url": "https://www.jagonews24.com/economy/news/974963"
    },
    {
        "url": "https://www.jagonews24.com/national/news/810802"
    },
    {
        "url": "https://www.jagonews24.com/country/news/739739"
    },
    {
        "url": "https://www.jagonews24.com/economy/news/930540"
    },
    {
        "url": "https://www.jagonews24.com/country/news/540437"
    },
    {
        "url": "https://www.jagonews24.com/economy/news/568098"
    },
    {
        "url": "https://www.jagonews24.com/economy/news/659590"
    },
    {
        "url": "https://www.jagonews24.com/economy/news/813011"
    },
    {
        "url": "https://www.jagonews24.com/country/news/639778"
    },
    {
        "url": "https://www.jagonews24.com/economy/news/805474"
    },
    {
        "url": "https://www.jagonews24.com/opinion/article/748254"
    },
    {
        "url": "https://www.jagonews24.com/economy/news/971534"
    },
    {
        "url": "https://www.jagonews24.com/national/news/596681"
    },
    {
        "url": "https://www.jagonews24.com/country/news/756121"
    },
    {
        "url": "https://www.jagonews24.com/national/news/870100"
    },
    {
        "url": "https://www.jagonews24.com/economy/news/933366"
    },
    {
        "url": "https://www.jagonews24.com/economy/news/820408"
    },
    {
        "url": "https://www.jagonews24.com/economy/news/611865"
    },
    {
        "url": "https://www.jagonews24.com/economy/news/609082"
    },
    {
        "url": "https://www.jagonews24.com/economy/news/605674"
    },
    {
        "url": "https://www.jagonews24.com/national/news/772041"
    },
    {
        "url": "https://www.jagonews24.com/economy/news/696548"
    },
    {
        "url": "https://www.jagonews24.com/economy/news/759779"
    },
    {
        "url": "https://www.jagonews24.com/country/news/573621"
    },
    {
        "url": "https://www.jagonews24.com/economy/news/681339"
    },
    {
        "url": "https://www.jagonews24.com/national/news/719477"
    },
    {
        "url": "https://www.jagonews24.com/national/news/745817"
    },
    {
        "url": "https://www.jagonews24.com/country/news/926199"
    },
    {
        "url": "https://www.jagonews24.com/national/news/856926"
    },
    {
        "url": "https://www.jagonews24.com/country/news/846616"
    },
    {
        "url": "https://www.jagonews24.com/economy/news/665564"
    },
    {
        "url": "https://www.jagonews24.com/politics/news/752219"
    },
    {
        "url": "https://www.jagonews24.com/national/news/737765"
    },
    {
        "url": "https://www.jagonews24.com/economy/news/793311"
    },
    {
        "url": "https://www.jagonews24.com/economy/news/916230"
    },
    {
        "url": "https://www.jagonews24.com/economy/news/892163"
    },
    {
        "url": "https://www.jagonews24.com/economy/news/782817"
    },
    {
        "url": "https://www.jagonews24.com/country/news/574222"
    },
    {
        "url": "https://www.jagonews24.com/country/news/501311"
    },
    {
        "url": "https://www.jagonews24.com/economy/news/662228"
    },
    {
        "url": "https://www.jagonews24.com/law-courts/news/582637"
    },
    {
        "url": "https://www.jagonews24.com/economy/news/868883"
    },
    {
        "url": "https://www.jagonews24.com/national/news/656340"
    },
    {
        "url": "https://www.jagonews24.com/national/news/676542"
    },
    {
        "url": "https://www.jagonews24.com/economy/news/527588"
    },
    {
        "url": "https://www.jagonews24.com/economy/news/746526"
    },
    {
        "url": "https://www.jagonews24.com/economy/news/889648"
    },
    {
        "url": "https://www.jagonews24.com/jago-jobs/article/862435"
    },
    {
        "url": "https://www.jagonews24.com/economy/news/898864"
    },
    {
        "url": "https://www.jagonews24.com/economy/news/527207"
    },
    {
        "url": "https://www.jagonews24.com/economy/news/596498"
    },
    {
        "url": "https://www.jagonews24.com/national/news/543719"
    },
    {
        "url": "https://www.jagonews24.com/national/news/868275"
    },
    {
        "url": "https://www.jagonews24.com/national/news/670177"
    },
    {
        "url": "https://www.jagonews24.com/economy/news/782583"
    },
    {
        "url": "https://www.jagonews24.com/country/news/657082"
    },
    {
        "url": "https://www.jagonews24.com/national/news/540580"
    },
    {
        "url": "https://www.jagonews24.com/national/news/516218"
    },
    {
        "url": "https://www.jagonews24.com/social-media/news/740828"
    },
    {
        "url": "https://www.jagonews24.com/economy/news/907063"
    },
    {
        "url": "https://www.jagonews24.com/national/news/736435"
    },
    {
        "url": "https://www.jagonews24.com/economy/news/900716"
    },
    {
        "url": "https://www.jagonews24.com/country/news/805745"
    },
    {
        "url": "https://www.jagonews24.com/country/news/641077"
    },
    {
        "url": "https://www.jagonews24.com/country/news/543369"
    },
    {
        "url": "https://www.jagonews24.com/economy/news/940898"
    },
    {
        "url": "https://www.jagonews24.com/economy/news/761970"
    },
    {
        "url": "https://www.jagonews24.com/country/news/844872"
    },
    {
        "url": "https://www.jagonews24.com/economy/news/596375"
    },
    {
        "url": "https://www.jagonews24.com/economy/news/708021"
    },
    {
        "url": "https://www.jagonews24.com/economy/news/608578"
    },
    {
        "url": "https://www.jagonews24.com/economy/news/760877"
    },
    {
        "url": "https://www.jagonews24.com/economy/news/884387"
    },
    {
        "url": "https://www.jagonews24.com/country/news/574227"
    },
    {
        "url": "https://www.jagonews24.com/economy/news/907252"
    }
]