[
    {
        "url": "https://www.jagonews24.com/economy/news/581156"
    },
    {
        "url": "https://www.jagonews24.com/economy/news/577703"
    },
    {
        "url": "https://www.jagonews24.com/economy/news/673327"
    },
    {
        "url": "https://www.jagonews24.com/economy/news/681563"
    },
    {
        "url": "https://www.jagonews24.com/economy/news/847046"
    },
    {
        "url": "https://www.jagonews24.com/economy/news/745721"
    },
    {
        "url": "https://www.jagonews24.com/country/news/748144"
    },
    {
        "url": "https://www.jagonews24.com/country/news/919567"
    },
    {
        "url": "https://www.jagonews24.com/economy/news/613057"
    },
    {
        "url": "https://www.jagonews24.com/economy/news/890570"
    },
    {
        "url": "https://www.jagonews24.com/economy/news/498443"
    },
    {
        "url": "https://www.jagonews24.com/economy/news/635389"
    },
    {
        "url": "https://www.jagonews24.com/national/news/744564"
    },
    {
        "url": "https://www.jagonews24.com/national/news/838490"
    },
    {
        "url": "https://www.jagonews24.com/national/news/683284"
    },
    {
        "url": "https://www.jagonews24.com/economy/news/574077"
    },
    {
        "url": "https://www.jagonews24.com/national/news/547552"
    },
    {
        "url": "https://www.jagonews24.com/politics/news/671479"
    },
    {
        "url": "https://www.jagonews24.com/country/news/871873"
    },
    {
        "url": "https://www.jagonews24.com/politics/news/741684"
    },
    {
        "url": "https://www.jagonews24.com/economy/news/647375"
    },
    {
        "url": "https://www.jagonews24.com/country/news/754552"
    },
    {
        "url": "https://www.jagonews24.com/economy/news/789372"
    },
    {
        "url": "https://www.jagonews24.com/national/news/796221"
    },
    {
        "url": "https://www.jagonews24.com/country/news/681294"
    },
    {
        "url": "https://www.jagonews24.com/country/news/748205"
    },
    {
        "url": "https://www.jagonews24.com/national/news/620422"
    },
    {
        "url": "https://www.jagonews24.com/national/news/567063"
    },
    {
        "url": "https://www.jagonews24.com/country/news/745172"
    },
    {
        "url": "https://www.jagonews24.com/country/news/747744"
    },
    {
        "url": "https://www.jagonews24.com/economy/news/824338"
    },
    {
        "url": "https://www.jagonews24.com/national/news/658743"
    },
    {
        "url": "https://www.jagonews24.com/economy/news/631951"
    },
    {
        "url": "https://www.jagonews24.com/national/news/748919"
    },
    {
        "url": "https://www.jagonews24.com/national/news/673421"
    },
    {
        "url": "https://www.jagonews24.com/country/news/747849"
    },
    {
        "url": "https://www.jagonews24.com/economy/news/805743"
    },
    {
        "url": "https://www.jagonews24.com/economy/news/979906"
    },
    {
        "url": "https://www.jagonews24.com/country/news/885304"
    },
    {
        "url": "https://www.jagonews24.com/economy/news/945067"
    },
    {
        "url": "https://www.jagonews24.com/national/news/787808"
    },
    {
        "url": "https://www.jagonews24.com/economy/news/749548"
    },
    {
        "url": "https://www.jagonews24.com/country/news/747851"
    },
    {
        "url": "https://www.jagonews24.com/country/news/743093"
    },
    {
        "url": "https://www.jagonews24.com/country/news/663215"
    },
    {
        "url": "https://www.jagonews24.com/country/news/793993"
    },
    {
        "url": "https://www.jagonews24.com/jago-jobs/article/866150"
    },
    {
        "url": "https://www.jagonews24.com/national/news/748329"
    },
    {
        "url": "https://www.jagonews24.com/economy/news/804222"
    },
    {
        "url": "https://www.jagonews24.com/economy/news/822110"
    },
    {
        "url": "https://www.jagonews24.com/economy/news/952006"
    },
    {
        "url": "https://www.jagonews24.com/economy/news/736143"
    },
    {
        "url": "https://www.jagonews24.com/economy/news/744122"
    },
    {
        "url": "https://www.jagonews24.com/country/news/498453"
    },
    {
        "url": "https://www.jagonews24.com/country/news/930437"
    },
    {
        "url": "https://www.jagonews24.com/national/news/622159"
    },
    {
        "url": "https://www.jagonews24.com/economy/news/917847"
    },
    {
        "url": "https://www.jagonews24.com/country/news/747947"
    },
    {
        "url": "https://www.jagonews24.com/national/news/739662"
    },
    {
        "url": "https://www.jagonews24.com/country/news/691531"
    },
    {
        "url": "https://www.jagonews24.com/national/news/710867"
    },
    {
        "url": "https://www.jagonews24.com/economy/news/900337"
    },
    {
        "url": "https://www.jagonews24.com/national/news/956983"
    },
    {
        "url": "https://www.jagonews24.com/national/news/748479"
    },
    {
        "url": "https://www.jagonews24.com/economy/news/862024"
    },
    {
        "url": "https://www.jagonews24.com/economy/news/942406"
    },
    {
        "url": "https://www.jagonews24.com/saltamami/news/726757"
    },
    {
        "url": "https://www.jagonews24.com/economy/news/728421"
    },
    {
        "url": "https://www.jagonews24.com/economy/news/833552"
    },
    {
        "url": "https://www.jagonews24.com/special-reports/news/740713"
    },
    {
        "url": "https://www.jagonews24.com/national/news/739109"
    },
    {
        "url": "https://www.jagonews24.com/economy/news/697951"
    },
    {
        "url": "https://www.jagonews24.com/national/news/574701"
    },
    {
        "url": "https://www.jagonews24.com/country/news/893745"
    },
    {
        "url": "https://www.jagonews24.com/country/news/922153"
    },
    {
        "url": "https://www.jagonews24.com/economy/news/584764"
    },
    {
        "url": "https://www.jagonews24.com/country/news/543237"
    },
    {
        "url": "https://www.jagonews24.com/national/news/950792"
    },
    {
        "url": "https://www.jagonews24.com/economy/news/747946"
    },
    {
        "url": "https://www.jagonews24.com/national/news/681237"
    },
    {
        "url": "https://www.jagonews24.com/country/news/932954"
    },
    {
        "url": "https://www.jagonews24.com/national/news/680587"
    },
    {
        "url": "https://www.jagonews24.com/country/news/918153"
    },
    {
        "url": "https://www.jagonews24.com/economy/news/838528"
    },
    {
        "url": "https://www.jagonews24.com/economy/news/940566"
    },
    {
        "url": "https://www.jagonews24.com/economy/news/813789"
    },
    {
        "url": "https://www.jagonews24.com/country/news/681472"
    },
    {
        "url": "https://www.jagonews24.com/country/news/543924"
    },
    {
        "url": "https://www.jagonews24.com/economy/news/788461"
    },
    {
        "url": "https://www.jagonews24.com/country/news/758581"
    },
    {
        "url": "https://www.jagonews24.com/economy/news/945809"
    },
    {
        "url": "https://www.jagonews24.com/country/news/743834"
    },
    {
        "url": "https://www.jagonews24.com/economy/news/679440"
    },
    {
        "url": "https://www.jagonews24.com/economy/news/937954"
    },
    {
        "url": "https://www.jagonews24.com/economy/news/830020"
    },
    {
        "url": "https://www.jagonews24.com/economy/news/861561"
    },
    {
        "url": "https://www.jagonews24.com/special-reports/news/629292"
    },
    {
        "url": "https://www.jagonews24.com/country/news/878463"
    },
    {
        "url": "https://www.jagonews24.com/national/news/809321"
    },
    {
        "url": "https://www.jagonews24.com/national/news/975569"
    },
    {
        "url": "https://www.jagonews24.com/national/news/662243"
    },
    {
        "url": "https://www.jagonews24.com/country/news/630864"
    },
    {
        "url": "https://www.jagonews24.com/economy/news/936042"
    },
    {
        "url": "https://www.jagonews24.com/national/news/794403"
    },
    {
        "url": "https://www.jagonews24.com/country/news/870641"
    },
    {
        "url": "https://www.jagonews24.com/national/news/527082"
    },
    {
        "url": "https://www.jagonews24.com/economy/news/592222"
    },
    {
        "url": "https://www.jagonews24.com/economy/news/814047"
    },
    {
        "url": "https://www.jagonews24.com/national/news/803087"
    },
    {
        "url": "https://www.jagonews24.com/national/news/775757"
    },
    {
        "url": "https://www.jagonews24.com/national/news/872110"
    },
    {
        "url": "https://www.jagonews24.com/economy/news/720965"
    },
    {
        "url": "https://www.jagonews24.com/country/news/892713"
    },
    {
        "url": "https://www.jagonews24.com/country/news/838674"
    },
    {
        "url": "https://www.jagonews24.com/opinion/article/741555"
    },
    {
        "url": "https://www.jagonews24.com/economy/news/902634"
    },
    {
        "url": "https://www.jagonews24.com/economy/news/968323"
    },
    {
        "url": "https://www.jagonews24.com/economy/news/976051"
    },
    {
        "url": "https://www.jagonews24.com/country/news/933265"
    },
    {
        "url": "https://www.jagonews24.com/national/news/794732"
    },
    {
        "url": "https://www.jagonews24.com/economy/news/771758"
    },
    {
        "url": "https://www.jagonews24.com/economy/news/762779"
    },
    {
        "url": "https://www.jagonews24.com/economy/news/927504"
    },
    {
        "url": "https://www.jagonews24.com/special-reports/news/659216"
    },
    {
        "url": "https://www.jagonews24.com/economy/news/742289"
    },
    {
        "url": "https://www.jagonews24.com/country/news/747862"
    },
    {
        "url": "https://www.jagonews24.com/country/news/878707"
    },
    {
        "url": "https://www.jagonews24.com/country/news/665235"
    },
    {
        "url": "https://www.jagonews24.com/economy/news/838593"
    },
    {
        "url": "https://www.jagonews24.com/economy/news/732071"
    },
    {
        "url": "https://www.jagonews24.com/national/news/804130"
    },
    {
        "url": "https://www.jagonews24.com/economy/news/861686"
    },
    {
        "url": "https://www.jagonews24.com/economy/news/845240"
    },
    {
        "url": "https://www.jagonews24.com/economy/news/946153"
    },
    {
        "url": "https://www.jagonews24.com/national/news/653330"
    },
    {
        "url": "https://www.jagonews24.com/economy/news/655469"
    },
    {
        "url": "https://www.jagonews24.com/country/news/663194"
    },
    {
        "url": "https://www.jagonews24.com/law-courts/news/580874"
    },
    {
        "url": "https://www.jagonews24.com/national/news/686561"
    },
    {
        "url": "https://www.jagonews24.com/economy/news/817494"
    },
    {
        "url": "https://www.jagonews24.com/politics/news/743077"
    },
    {
        "url": "https://www.jagonews24.com/economy/news/580012"
    },
    {
        "url": "https://www.jagonews24.com/economy/news/633469"
    },
    {
        "url": "https://www.jagonews24.com/country/news/960809"
    },
    {
        "url": "https://www.jagonews24.com/economy/news/877197"
    },
    {
        "url": "https://www.jagonews24.com/national/news/527408"
    },
    {
        "url": "https://www.jagonews24.com/country/news/683988"
    },
    {
        "url": "https://www.jagonews24.com/national/news/580483"
    },
    {
        "url": "https://www.jagonews24.com/economy/news/951390"
    },
    {
        "url": "https://www.jagonews24.com/country/news/856234"
    },
    {
        "url": "https://www.jagonews24.com/country/news/749094"
    },
    {
        "url": "https://www.jagonews24.com/national/news/900341"
    },
    {
        "url": "https://www.jagonews24.com/economy/news/642606"
    },
    {
        "url": "https://www.jagonews24.com/country/news/658324"
    },
    {
        "url": "https://www.jagonews24.com/economy/news/844785"
    },
    {
        "url": "https://www.jagonews24.com/economy/news/705996"
    },
    {
        "url": "https://www.jagonews24.com/economy/news/611050"
    },
    {
        "url": "https://www.jagonews24.com/country/news/805933"
    },
    {
        "url": "https://www.jagonews24.com/economy/news/927521"
    },
    {
        "url": "https://www.jagonews24.com/national/news/613640"
    },
    {
        "url": "https://www.jagonews24.com/country/news/889861"
    },
    {
        "url": "https://www.jagonews24.com/national/news/681907"
    },
    {
        "url": "https://www.jagonews24.com/economy/news/583155"
    },
    {
        "url": "https://www.jagonews24.com/economy/news/728540"
    },
    {
        "url": "https://www.jagonews24.com/country/news/743145"
    },
    {
        "url": "https://www.jagonews24.com/country/news/972012"
    },
    {
        "url": "https://www.jagonews24.com/economy/news/919441"
    },
    {
        "url": "https://www.jagonews24.com/economy/news/659554"
    },
    {
        "url": "https://www.jagonews24.com/economy/news/907747"
    },
    {
        "url": "https://www.jagonews24.com/economy/news/802522"
    },
    {
        "url": "https://www.jagonews24.com/national/news/745385"
    },
    {
        "url": "https://www.jagonews24.com/national/news/604870"
    },
    {
        "url": "https://www.jagonews24.com/country/news/747868"
    },
    {
        "url": "https://www.jagonews24.com/economy/news/751959"
    },
    {
        "url": "https://www.jagonews24.com/national/news/572024"
    },
    {
        "url": "https://www.jagonews24.com/economy/news/744270"
    },
    {
        "url": "https://www.jagonews24.com/economy/news/923557"
    },
    {
        "url": "https://www.jagonews24.com/country/news/842603"
    },
    {
        "url": "https://www.jagonews24.com/economy/news/760157"
    },
    {
        "url": "https://www.jagonews24.com/economy/news/894999"
    },
    {
        "url": "https://www.jagonews24.com/economy/news/802705"
    },
    {
        "url": "https://www.jagonews24.com/country/news/784364"
    },
    {
        "url": "https://www.jagonews24.com/country/news/575253"
    },
    {
        "url": "https://www.jagonews24.com/national/news/566631"
    },
    {
        "url": "https://www.jagonews24.com/economy/news/958902"
    },
    {
        "url": "https://www.jagonews24.com/economy/news/803317"
    },
    {
        "url": "https://www.jagonews24.com/economy/news/700407"
    },
    {
        "url": "https://www.jagonews24.com/country/news/546147"
    },
    {
        "url": "https://www.jagonews24.com/economy/news/814357"
    },
    {
        "url": "https://www.jagonews24.com/country/news/918461"
    },
    {
        "url": "https://www.jagonews24.com/economy/news/943688"
    },
    {
        "url": "https://www.jagonews24.com/economy/news/747345"
    },
    {
        "url": "https://www.jagonews24.com/national/news/747930"
    },
    {
        "url": "https://www.jagonews24.com/economy/news/876175"
    },
    {
        "url": "https://www.jagonews24.com/national/news/976780"
    },
    {
        "url": "https://www.jagonews24.com/national/news/790543"
    },
    {
        "url": "https://www.jagonews24.com/national/news/495351"
    },
    {
        "url": "https://www.jagonews24.com/economy/news/678077"
    },
    {
        "url": "https://www.jagonews24.com/country/news/748819"
    },
    {
        "url": "https://www.jagonews24.com/economy/news/576774"
    },
    {
        "url": "https://www.jagonews24.com/national/news/571263"
    },
    {
        "url": "https://www.jagonews24.com/economy/news/782032"
    },
    {
        "url": "https://www.jagonews24.com/national/news/545461"
    },
    {
        "url": "https://www.jagonews24.com/country/news/819574"
    },
    {
        "url": "https://www.jagonews24.com/economy/news/574697"
    },
    {
        "url": "https://www.jagonews24.com/economy/news/654890"
    },
    {
        "url": "https://www.jagonews24.com/economy/news/942425"
    },
    {
        "url": "https://www.jagonews24.com/economy/news/756875"
    },
    {
        "url": "https://www.jagonews24.com/national/news/543917"
    },
    {
        "url": "https://www.jagonews24.com/country/news/543402"
    },
    {
        "url": "https://www.jagonews24.com/economy/news/702443"
    },
    {
        "url": "https://www.jagonews24.com/economy/news/817755"
    },
    {
        "url": "https://www.jagonews24.com/special-reports/news/612861"
    },
    {
        "url": "https://www.jagonews24.com/country/news/888464"
    },
    {
        "url": "https://www.jagonews24.com/economy/news/686433"
    },
    {
        "url": "https://www.jagonews24.com/country/news/663402"
    },
    {
        "url": "https://www.jagonews24.com/special-reports/news/746104"
    },
    {
        "url": "https://www.jagonews24.com/country/news/517547"
    },
    {
        "url": "https://www.jagonews24.com/country/news/499013"
    },
    {
        "url": "https://www.jagonews24.com/economy/news/946782"
    },
    {
        "url": "https://www.jagonews24.com/law-courts/news/852629"
    },
    {
        "url": "https://www.jagonews24.com/economy/news/976062"
    },
    {
        "url": "https://www.jagonews24.com/economy/news/930269"
    },
    {
        "url": "https://www.jagonews24.com/economy/news/823851"
    },
    {
        "url": "https://www.jagonews24.com/economy/news/618007"
    },
    {
        "url": "https://www.jagonews24.com/national/news/933731"
    },
    {
        "url": "https://www.jagonews24.com/country/news/844036"
    },
    {
        "url": "https://www.jagonews24.com/national/news/750845"
    },
    {
        "url": "https://www.jagonews24.com/economy/news/804883"
    },
    {
        "url": "https://www.jagonews24.com/economy/news/869548"
    },
    {
        "url": "https://www.jagonews24.com/national/news/673154"
    },
    {
        "url": "https://www.jagonews24.com/economy/news/953910"
    },
    {
        "url": "https://www.jagonews24.com/country/news/658296"
    },
    {
        "url": "https://www.jagonews24.com/national/news/674395"
    },
    {
        "url": "https://www.jagonews24.com/country/news/930551"
    },
    {
        "url": "https://www.jagonews24.com/politics/news/751091"
    },
    {
        "url": "https://www.jagonews24.com/politics/news/658555"
    },
    {
        "url": "https://www.jagonews24.com/national/news/771927"
    },
    {
        "url": "https://www.jagonews24.com/economy/news/572179"
    },
    {
        "url": "https://www.jagonews24.com/country/news/889865"
    },
    {
        "url": "https://www.jagonews24.com/economy/news/906076"
    },
    {
        "url": "https://www.jagonews24.com/economy/news/615405"
    },
    {
        "url": "https://www.jagonews24.com/country/news/840875"
    },
    {
        "url": "https://www.jagonews24.com/national/news/717256"
    },
    {
        "url": "https://www.jagonews24.com/country/news/753031"
    },
    {
        "url": "https://www.jagonews24.com/country/news/815942"
    },
    {
        "url": "https://www.jagonews24.com/economy/news/807135"
    },
    {
        "url": "https://www.jagonews24.com/economy/news/804432"
    },
    {
        "url": "https://www.jagonews24.com/economy/news/905875"
    },
    {
        "url": "https://www.jagonews24.com/economy/news/655105"
    },
    {
        "url": "https://www.jagonews24.com/economy/news/848783"
    },
    {
        "url": "https://www.jagonews24.com/economy/news/665076"
    },
    {
        "url": "https://www.jagonews24.com/economy/news/804669"
    },
    {
        "url": "https://www.jagonews24.com/national/news/581406"
    },
    {
        "url": "https://www.jagonews24.com/national/news/752152"
    },
    {
        "url": "https://www.jagonews24.com/economy/news/582558"
    },
    {
        "url": "https://www.jagonews24.com/country/news/782640"
    },
    {
        "url": "https://www.jagonews24.com/economy/news/927433"
    },
    {
        "url": "https://www.jagonews24.com/economy/news/595013"
    },
    {
        "url": "https://www.jagonews24.com/economy/news/824196"
    },
    {
        "url": "https://www.jagonews24.com/economy/news/869278"
    },
    {
        "url": "https://www.jagonews24.com/national/news/567852"
    },
    {
        "url": "https://www.jagonews24.com/economy/news/821400"
    },
    {
        "url": "https://www.jagonews24.com/economy/news/528721"
    },
    {
        "url": "https://www.jagonews24.com/economy/news/900396"
    },
    {
        "url": "https://www.jagonews24.com/economy/news/710994"
    },
    {
        "url": "https://www.jagonews24.com/economy/news/685034"
    },
    {
        "url": "https://www.jagonews24.com/national/news/620903"
    },
    {
        "url": "https://www.jagonews24.com/economy/news/564531"
    },
    {
        "url": "https://www.jagonews24.com/special-reports/news/733483"
    },
    {
        "url": "https://www.jagonews24.com/economy/news/637397"
    },
    {
        "url": "https://www.jagonews24.com/national/news/681171"
    },
    {
        "url": "https://www.jagonews24.com/economy/news/658288"
    },
    {
        "url": "https://www.jagonews24.com/economy/news/704677"
    },
    {
        "url": "https://www.jagonews24.com/economy/news/770064"
    },
    {
        "url": "https://www.jagonews24.com/economy/news/853102"
    },
    {
        "url": "https://www.jagonews24.com/economy/news/978352"
    },
    {
        "url": "https://www.jagonews24.com/national/news/573231"
    },
    {
        "url": "https://www.jagonews24.com/national/news/925959"
    },
    {
        "url": "https://www.jagonews24.com/economy/news/900291"
    },
    {
        "url": "https://www.jagonews24.com/country/news/664234"
    },
    {
        "url": "https://www.jagonews24.com/country/news/816266"
    },
    {
        "url": "https://www.jagonews24.com/economy/news/772063"
    },
    {
        "url": "https://www.jagonews24.com/national/news/575968"
    },
    {
        "url": "https://www.jagonews24.com/economy/news/854323"
    },
    {
        "url": "https://www.jagonews24.com/economy/news/842303"
    },
    {
        "url": "https://www.jagonews24.com/economy/news/906009"
    },
    {
        "url": "https://www.jagonews24.com/economy/news/940463"
    },
    {
        "url": "https://www.jagonews24.com/economy/news/808704"
    },
    {
        "url": "https://www.jagonews24.com/country/news/546181"
    },
    {
        "url": "https://www.jagonews24.com/economy/news/979876"
    },
    {
        "url": "https://www.jagonews24.com/national/news/568383"
    },
    {
        "url": "https://www.jagonews24.com/economy/news/884544"
    },
    {
        "url": "https://www.jagonews24.com/economy/news/833386"
    },
    {
        "url": "https://www.jagonews24.com/economy/news/712240"
    },
    {
        "url": "https://www.jagonews24.com/opinion/article/740778"
    },
    {
        "url": "https://www.jagonews24.com/national/news/839347"
    },
    {
        "url": "https://www.jagonews24.com/law-courts/news/587181"
    },
    {
        "url": "https://www.jagonews24.com/economy/news/880681"
    },
    {
        "url": "https://www.jagonews24.com/politics/news/745797"
    },
    {
        "url": "https://www.jagonews24.com/national/news/976878"
    },
    {
        "url": "https://www.jagonews24.com/economy/news/618571"
    },
    {
        "url": "https://www.jagonews24.com/country/news/573537"
    },
    {
        "url": "https://www.jagonews24.com/country/news/750771"
    },
    {
        "url": "https://www.jagonews24.com/national/news/571794"
    },
    {
        "url": "https://www.jagonews24.com/economy/news/808556"
    },
    {
        "url": "https://www.jagonews24.com/economy/news/924926"
    },
    {
        "url": "https://www.jagonews24.com/economy/news/603977"
    },
    {
        "url": "https://www.jagonews24.com/national/news/543464"
    },
    {
        "url": "https://www.jagonews24.com/national/news/748210"
    },
    {
        "url": "https://www.jagonews24.com/national/news/742146"
    },
    {
        "url": "https://www.jagonews24.com/economy/news/824415"
    },
    {
        "url": "https://www.jagonews24.com/national/news/575419"
    },
    {
        "url": "https://www.jagonews24.com/economy/news/594028"
    },
    {
        "url": "https://www.jagonews24.com/national/news/582173"
    },
    {
        "url": "https://www.jagonews24.com/national/news/810375"
    },
    {
        "url": "https://www.jagonews24.com/economy/news/528474"
    },
    {
        "url": "https://www.jagonews24.com/national/news/547835"
    },
    {
        "url": "https://www.jagonews24.com/economy/news/626065"
    },
    {
        "url": "https://www.jagonews24.com/national/news/761776"
    },
    {
        "url": "https://www.jagonews24.com/country/news/843555"
    },
    {
        "url": "https://www.jagonews24.com/economy/news/799469"
    },
    {
        "url": "https://www.jagonews24.com/national/news/574007"
    },
    {
        "url": "https://www.jagonews24.com/economy/news/580555"
    },
    {
        "url": "https://www.jagonews24.com/economy/news/604593"
    },
    {
        "url": "https://www.jagonews24.com/national/news/527415"
    },
    {
        "url": "https://www.jagonews24.com/economy/news/979865"
    },
    {
        "url": "https://www.jagonews24.com/economy/news/826825"
    },
    {
        "url": "https://www.jagonews24.com/economy/news/929205"
    },
    {
        "url": "https://www.jagonews24.com/national/news/501444"
    },
    {
        "url": "https://www.jagonews24.com/national/news/572971"
    },
    {
        "url": "https://www.jagonews24.com/economy/news/782176"
    },
    {
        "url": "https://www.jagonews24.com/country/news/846227"
    },
    {
        "url": "https://www.jagonews24.com/economy/news/740674"
    },
    {
        "url": "https://www.jagonews24.com/national/news/977965"
    },
    {
        "url": "https://www.jagonews24.com/economy/news/884333"
    },
    {
        "url": "https://www.jagonews24.com/economy/news/782430"
    },
    {
        "url": "https://www.jagonews24.com/country/news/541694"
    },
    {
        "url": "https://www.jagonews24.com/national/news/722181"
    },
    {
        "url": "https://www.jagonews24.com/country/news/860137"
    },
    {
        "url": "https://www.jagonews24.com/economy/news/731488"
    },
    {
        "url": "https://www.jagonews24.com/law-courts/news/587547"
    },
    {
        "url": "https://www.jagonews24.com/economy/news/876302"
    },
    {
        "url": "https://www.jagonews24.com/economy/news/910870"
    },
    {
        "url": "https://www.jagonews24.com/country/news/661013"
    },
    {
        "url": "https://www.jagonews24.com/economy/news/577422"
    },
    {
        "url": "https://www.jagonews24.com/country/news/681626"
    },
    {
        "url": "https://www.jagonews24.com/economy/news/656152"
    },
    {
        "url": "https://www.jagonews24.com/economy/news/804887"
    },
    {
        "url": "https://www.jagonews24.com/economy/news/886106"
    },
    {
        "url": "https://www.jagonews24.com/national/news/946259"
    },
    {
        "url": "https://www.jagonews24.com/economy/news/792948"
    },
    {
        "url": "https://www.jagonews24.com/national/news/771485"
    },
    {
        "url": "https://www.jagonews24.com/economy/news/753032"
    },
    {
        "url": "https://www.jagonews24.com/national/news/575824"
    },
    {
        "url": "https://www.jagonews24.com/economy/news/899069"
    },
    {
        "url": "https://www.jagonews24.com/national/news/662373"
    },
    {
        "url": "https://www.jagonews24.com/economy/news/802630"
    },
    {
        "url": "https://www.jagonews24.com/economy/news/761862"
    },
    {
        "url": "https://www.jagonews24.com/economy/news/905950"
    },
    {
        "url": "https://www.jagonews24.com/economy/news/797991"
    },
    {
        "url": "https://www.jagonews24.com/economy/news/685017"
    },
    {
        "url": "https://www.jagonews24.com/economy/news/948493"
    },
    {
        "url": "https://www.jagonews24.com/national/news/546085"
    },
    {
        "url": "https://www.jagonews24.com/country/news/739970"
    },
    {
        "url": "https://www.jagonews24.com/national/news/566047"
    },
    {
        "url": "https://www.jagonews24.com/country/news/656647"
    },
    {
        "url": "https://www.jagonews24.com/national/news/491167"
    },
    {
        "url": "https://www.jagonews24.com/economy/news/609393"
    },
    {
        "url": "https://www.jagonews24.com/economy/news/576053"
    },
    {
        "url": "https://www.jagonews24.com/economy/news/942410"
    },
    {
        "url": "https://www.jagonews24.com/national/news/874501"
    },
    {
        "url": "https://www.jagonews24.com/country/news/804114"
    },
    {
        "url": "https://www.jagonews24.com/law-courts/news/586829"
    },
    {
        "url": "https://www.jagonews24.com/country/news/796323"
    },
    {
        "url": "https://www.jagonews24.com/country/news/889114"
    },
    {
        "url": "https://www.jagonews24.com/country/news/928155"
    },
    {
        "url": "https://www.jagonews24.com/economy/news/951422"
    },
    {
        "url": "https://www.jagonews24.com/economy/news/938611"
    },
    {
        "url": "https://www.jagonews24.com/economy/news/797304"
    },
    {
        "url": "https://www.jagonews24.com/economy/news/741015"
    },
    {
        "url": "https://www.jagonews24.com/national/news/577950"
    },
    {
        "url": "https://www.jagonews24.com/national/news/976775"
    },
    {
        "url": "https://www.jagonews24.com/economy/news/712535"
    },
    {
        "url": "https://www.jagonews24.com/national/news/817762"
    },
    {
        "url": "https://www.jagonews24.com/economy/news/907278"
    },
    {
        "url": "https://www.jagonews24.com/national/news/530332"
    },
    {
        "url": "https://www.jagonews24.com/law-courts/news/578313"
    },
    {
        "url": "https://www.jagonews24.com/country/news/840117"
    },
    {
        "url": "https://www.jagonews24.com/opinion/article/745735"
    },
    {
        "url": "https://www.jagonews24.com/economy/news/652358"
    },
    {
        "url": "https://www.jagonews24.com/economy/news/748126"
    },
    {
        "url": "https://www.jagonews24.com/economy/news/916255"
    },
    {
        "url": "https://www.jagonews24.com/economy/news/975322"
    },
    {
        "url": "https://www.jagonews24.com/economy/news/793475"
    },
    {
        "url": "https://www.jagonews24.com/economy/news/744189"
    },
    {
        "url": "https://www.jagonews24.com/national/news/790567"
    }
]