[
    {
        "url": "https://www.daily-bangladesh.com/country/375844"
    },
    {
        "url": "https://www.daily-bangladesh.com/country/304509"
    },
    {
        "url": "https://www.daily-bangladesh.com/economy/455264"
    },
    {
        "url": "https://www.daily-bangladesh.com/country/392454"
    },
    {
        "url": "https://www.daily-bangladesh.com/country/431422"
    },
    {
        "url": "https://www.daily-bangladesh.com/capital/505135"
    },
    {
        "url": "https://www.daily-bangladesh.com/country/305094"
    },
    {
        "url": "https://www.daily-bangladesh.com/national/300970"
    },
    {
        "url": "https://www.daily-bangladesh.com/national/336048"
    },
    {
        "url": "https://www.daily-bangladesh.com/national/328798"
    },
    {
        "url": "https://www.daily-bangladesh.com/economy/455270"
    },
    {
        "url": "https://www.daily-bangladesh.com/economy/371404"
    },
    {
        "url": "https://www.daily-bangladesh.com/country/348178"
    },
    {
        "url": "https://www.daily-bangladesh.com/economy/446299"
    },
    {
        "url": "https://www.daily-bangladesh.com/economy/455272"
    },
    {
        "url": "https://www.daily-bangladesh.com/national/321080"
    },
    {
        "url": "https://www.daily-bangladesh.com/economy/358002"
    },
    {
        "url": "https://www.daily-bangladesh.com/country/461008"
    },
    {
        "url": "https://www.daily-bangladesh.com/economy/419538"
    },
    {
        "url": "https://www.daily-bangladesh.com/country/346840"
    },
    {
        "url": "https://www.daily-bangladesh.com/country/437457"
    },
    {
        "url": "https://www.daily-bangladesh.com/country/475972"
    },
    {
        "url": "https://www.daily-bangladesh.com/country/304589"
    },
    {
        "url": "https://www.daily-bangladesh.com/country/305112"
    },
    {
        "url": "https://www.daily-bangladesh.com/economy/345700"
    },
    {
        "url": "https://www.daily-bangladesh.com/economy/485476"
    },
    {
        "url": "https://www.daily-bangladesh.com/country/410958"
    },
    {
        "url": "https://www.daily-bangladesh.com/national/474046"
    },
    {
        "url": "https://www.daily-bangladesh.com/national/329272"
    },
    {
        "url": "https://www.daily-bangladesh.com/country/359058"
    },
    {
        "url": "https://www.daily-bangladesh.com/country/310564"
    },
    {
        "url": "https://www.daily-bangladesh.com/economy/425291"
    },
    {
        "url": "https://www.daily-bangladesh.com/economy/359942"
    },
    {
        "url": "https://www.daily-bangladesh.com/country/348299"
    },
    {
        "url": "https://www.daily-bangladesh.com/national/424907"
    },
    {
        "url": "https://www.daily-bangladesh.com/national/430513"
    },
    {
        "url": "https://www.daily-bangladesh.com/economy/414591"
    },
    {
        "url": "https://www.daily-bangladesh.com/country/351257"
    },
    {
        "url": "https://www.daily-bangladesh.com/economy/313963"
    },
    {
        "url": "https://www.daily-bangladesh.com/national/404552"
    },
    {
        "url": "https://www.daily-bangladesh.com/national/404439"
    },
    {
        "url": "https://www.daily-bangladesh.com/national/305762"
    },
    {
        "url": "https://www.daily-bangladesh.com/national/467691"
    },
    {
        "url": "https://www.daily-bangladesh.com/national/345636"
    },
    {
        "url": "https://www.daily-bangladesh.com/country/499586"
    },
    {
        "url": "https://www.daily-bangladesh.com/economy/360265"
    },
    {
        "url": "https://www.daily-bangladesh.com/economy/390562"
    },
    {
        "url": "https://www.daily-bangladesh.com/economy/427280"
    },
    {
        "url": "https://www.daily-bangladesh.com/economy/304420"
    },
    {
        "url": "https://www.daily-bangladesh.com/economy/450690"
    },
    {
        "url": "https://www.daily-bangladesh.com/country/410745"
    },
    {
        "url": "https://www.daily-bangladesh.com/economy/350349"
    },
    {
        "url": "https://www.daily-bangladesh.com/national/338200"
    },
    {
        "url": "https://www.daily-bangladesh.com/economy/357793"
    },
    {
        "url": "https://www.daily-bangladesh.com/economy/380122"
    },
    {
        "url": "https://www.daily-bangladesh.com/economy/349142"
    },
    {
        "url": "https://www.daily-bangladesh.com/economy/296830"
    },
    {
        "url": "https://www.daily-bangladesh.com/economy/329054"
    },
    {
        "url": "https://www.daily-bangladesh.com/economy/296738"
    },
    {
        "url": "https://www.daily-bangladesh.com/national/336050"
    },
    {
        "url": "https://www.daily-bangladesh.com/national/304930"
    },
    {
        "url": "https://www.daily-bangladesh.com/economy/473053"
    },
    {
        "url": "https://www.daily-bangladesh.com/national/323763"
    },
    {
        "url": "https://www.daily-bangladesh.com/country/304597"
    },
    {
        "url": "https://www.daily-bangladesh.com/economy/444785"
    },
    {
        "url": "https://www.daily-bangladesh.com/national/328757"
    },
    {
        "url": "https://www.daily-bangladesh.com/economy/303951"
    },
    {
        "url": "https://www.daily-bangladesh.com/country/398605"
    },
    {
        "url": "https://www.daily-bangladesh.com/economy/445906"
    },
    {
        "url": "https://www.daily-bangladesh.com/economy/422640"
    },
    {
        "url": "https://www.daily-bangladesh.com/country/451658"
    },
    {
        "url": "https://www.daily-bangladesh.com/economy/291129"
    },
    {
        "url": "https://www.daily-bangladesh.com/economy/471063"
    },
    {
        "url": "https://www.daily-bangladesh.com/economy/397371"
    },
    {
        "url": "https://www.daily-bangladesh.com/national/346166"
    },
    {
        "url": "https://www.daily-bangladesh.com/economy/300209"
    },
    {
        "url": "https://www.daily-bangladesh.com/country/296114"
    },
    {
        "url": "https://www.daily-bangladesh.com/national/338287"
    },
    {
        "url": "https://www.daily-bangladesh.com/economy/430602"
    },
    {
        "url": "https://www.daily-bangladesh.com/economy/354843"
    },
    {
        "url": "https://www.daily-bangladesh.com/country/431636"
    },
    {
        "url": "https://www.daily-bangladesh.com/economy/328739"
    },
    {
        "url": "https://www.daily-bangladesh.com/economy/417952"
    },
    {
        "url": "https://www.daily-bangladesh.com/economy/431549"
    },
    {
        "url": "https://www.daily-bangladesh.com/capital/329033"
    },
    {
        "url": "https://www.daily-bangladesh.com/country/419008"
    },
    {
        "url": "https://www.daily-bangladesh.com/country/445654"
    },
    {
        "url": "https://www.daily-bangladesh.com/economy/473546"
    },
    {
        "url": "https://www.daily-bangladesh.com/economy/436314"
    },
    {
        "url": "https://www.daily-bangladesh.com/economy/375814"
    },
    {
        "url": "https://www.daily-bangladesh.com/country/302841"
    },
    {
        "url": "https://www.daily-bangladesh.com/economy/410594"
    },
    {
        "url": "https://www.daily-bangladesh.com/economy/460670"
    },
    {
        "url": "https://www.daily-bangladesh.com/national/405113"
    },
    {
        "url": "https://www.daily-bangladesh.com/economy/375755"
    },
    {
        "url": "https://www.daily-bangladesh.com/national/346978"
    },
    {
        "url": "https://www.daily-bangladesh.com/economy/345812"
    },
    {
        "url": "https://www.daily-bangladesh.com/country/350820"
    },
    {
        "url": "https://www.daily-bangladesh.com/country/417984"
    },
    {
        "url": "https://www.daily-bangladesh.com/economy/369935"
    },
    {
        "url": "https://www.daily-bangladesh.com/economy/335200"
    },
    {
        "url": "https://www.daily-bangladesh.com/national/473387"
    },
    {
        "url": "https://www.daily-bangladesh.com/economy/469513"
    },
    {
        "url": "https://www.daily-bangladesh.com/country/323184"
    },
    {
        "url": "https://www.daily-bangladesh.com/national/340157"
    },
    {
        "url": "https://www.daily-bangladesh.com/national/328722"
    },
    {
        "url": "https://www.daily-bangladesh.com/economy/423470"
    },
    {
        "url": "https://www.daily-bangladesh.com/national/363583"
    },
    {
        "url": "https://www.daily-bangladesh.com/economy/430393"
    },
    {
        "url": "https://www.daily-bangladesh.com/economy/482695"
    },
    {
        "url": "https://www.daily-bangladesh.com/country/308366"
    },
    {
        "url": "https://www.daily-bangladesh.com/capital/505172"
    },
    {
        "url": "https://www.daily-bangladesh.com/economy/313913"
    }
]