[
    {
        "url": "https://www.somoynews.tv/news/2024-01-18/9x8w9YQG"
    },
    {
        "url": "https://www.somoynews.tv/news/2023-08-13/DTVJZsT3"
    },
    {
        "url": "https://www.somoynews.tv/news/2023-11-14/Vy002uy0"
    },
    {
        "url": "https://www.somoynews.tv/news/2024-03-31/R7KTZ1ux"
    },
    {
        "url": "https://www.somoynews.tv/news/2024-09-15/YzKstC7z"
    },
    {
        "url": "https://www.somoynews.tv/news/2023-11-13/1XswJFX3"
    },
    {
        "url": "https://www.somoynews.tv/news/2024-05-15/ZzR64wz4"
    },
    {
        "url": "https://www.somoynews.tv/news/2024-04-02/Xu9BUKD6"
    },
    {
        "url": "https://www.somoynews.tv/news/2024-03-07/29LL83X9"
    },
    {
        "url": "https://www.somoynews.tv/news/2023-11-09/21OHy5JC"
    },
    {
        "url": "https://www.somoynews.tv/news/2024-05-21/3PUG9uS4"
    },
    {
        "url": "https://www.somoynews.tv/news/2024-03-28/y2wWYxA2"
    },
    {
        "url": "https://www.somoynews.tv/news/2023-11-08/1xU6szQv"
    },
    {
        "url": "https://www.somoynews.tv/news/2024-04-16/uWKNQAzT"
    },
    {
        "url": "https://www.somoynews.tv/news/2024-03-14/zu3BXNT6"
    },
    {
        "url": "https://www.somoynews.tv/news/2023-12-28/CwS760wT"
    },
    {
        "url": "https://www.somoynews.tv/news/2023-07-16/tu8GYxBK"
    },
    {
        "url": "https://www.somoynews.tv/news/2023-12-06/w5uNYRS6"
    },
    {
        "url": "https://www.somoynews.tv/news/2023-11-14/GFWJIZRI"
    },
    {
        "url": "https://www.somoynews.tv/news/2023-06-13/tVBDP06G"
    },
    {
        "url": "https://www.somoynews.tv/news/2023-07-17/twFEH9V1"
    },
    {
        "url": "https://www.somoynews.tv/news/2024-01-27/UCVx8AXZ"
    },
    {
        "url": "https://www.somoynews.tv/news/2023-11-22/tJQY2NJC"
    },
    {
        "url": "https://www.somoynews.tv/news/2024-08-04/uY7wIDYG"
    },
    {
        "url": "https://www.somoynews.tv/news/2024-03-15/uwCT09NX"
    },
    {
        "url": "https://www.somoynews.tv/news/2023-10-08/uDZS348J"
    },
    {
        "url": "https://www.somoynews.tv/news/2023-10-04/vxEE7ExR"
    },
    {
        "url": "https://www.somoynews.tv/news/2023-09-30/MB6XUF0y"
    },
    {
        "url": "https://www.somoynews.tv/news/2023-09-13/YJLU8KTH"
    },
    {
        "url": "https://www.somoynews.tv/news/2024-01-17/KFV28CFy"
    },
    {
        "url": "https://www.somoynews.tv/news/2023-10-10/MBXKtLI1"
    },
    {
        "url": "https://www.somoynews.tv/news/2023-10-06/S4HxGOu4"
    },
    {
        "url": "https://www.somoynews.tv/news/2023-03-09/%E0%A6%9F%E0%A6%BE%E0%A6%99%E0%A7%8D%E0%A6%97%E0%A6%BE%E0%A6%87%E0%A6%B2%E0%A7%87-%E0%A6%8F%E0%A6%95-%E0%A6%B2%E0%A6%BE%E0%A6%96-%E0%A7%AC%E0%A7%AE-%E0%A6%B9%E0%A6%BE%E0%A6%9C%E0%A6%BE%E0%A6%B0-%E0%A6%97%E0%A7%8D%E0%A6%B0%E0%A6%BE%E0%A6%B9%E0%A6%95-%E0%A6%AA%E0%A6%BE%E0%A6%9A%E0%A7%8D%E0%A6%9B%E0%A7%87%E0%A6%A8-%E0%A6%9F%E0%A6%BF%E0%A6%B8%E0%A6%BF%E0%A6%AC%E0%A6%BF-%E0%A6%AA%E0%A6%A3%E0%A7%8D%E0%A6%AF"
    },
    {
        "url": "https://www.somoynews.tv/news/2024-02-24/KSGxWuBA"
    },
    {
        "url": "https://www.somoynews.tv/news/2024-03-31/DEUtPQNR"
    },
    {
        "url": "https://www.somoynews.tv/news/2024-03-22/FHQYJxOH"
    },
    {
        "url": "https://www.somoynews.tv/news/2024-05-08/5HxSFREX"
    },
    {
        "url": "https://www.somoynews.tv/news/2023-12-06/IL8HJXLC"
    },
    {
        "url": "https://www.somoynews.tv/news/2023-09-12/XuLZ17Ry"
    },
    {
        "url": "https://www.somoynews.tv/news/2024-06-11/Az7N2xH0"
    },
    {
        "url": "https://www.somoynews.tv/news/2023-12-06/TBIFI6S6"
    },
    {
        "url": "https://www.somoynews.tv/news/2023-03-16/%E0%A6%96%E0%A7%81%E0%A6%B2%E0%A6%A8%E0%A6%BE-%E0%A6%B8%E0%A6%BF%E0%A6%9F%E0%A6%BF%E0%A6%A4%E0%A7%87-%E0%A7%AA%E0%A7%AD%E0%A7%A6-%E0%A6%9F%E0%A6%BE%E0%A6%95%E0%A6%BE%E0%A6%B0-%E0%A6%AA%E0%A7%8D%E0%A6%AF%E0%A6%BE%E0%A6%95%E0%A7%87%E0%A6%9C%E0%A7%87-%E0%A6%AE%E0%A6%BF%E0%A6%B2%E0%A6%9B%E0%A7%87-%E0%A6%9F%E0%A6%BF%E0%A6%B8%E0%A6%BF%E0%A6%AC%E0%A6%BF-%E0%A6%AA%E0%A6%A3%E0%A7%8D%E0%A6%AF"
    },
    {
        "url": "https://www.somoynews.tv/news/2023-12-18/UzuGRtxA"
    },
    {
        "url": "https://www.somoynews.tv/news/2024-02-14/NDNMEyAZ"
    },
    {
        "url": "https://www.somoynews.tv/news/2023-11-09/J3UQA43S"
    },
    {
        "url": "https://www.somoynews.tv/news/2024-06-07/7UvYItEH"
    },
    {
        "url": "https://www.somoynews.tv/news/2023-09-14/t36tKwzI"
    },
    {
        "url": "https://www.somoynews.tv/news/2024-04-02/86MvwNCU"
    },
    {
        "url": "https://www.somoynews.tv/news/2024-05-07/VLHJOPSH"
    },
    {
        "url": "https://www.somoynews.tv/news/2024-01-31/MzX2W6GA"
    },
    {
        "url": "https://www.somoynews.tv/news/2023-11-15/WFzM4vxU"
    },
    {
        "url": "https://www.somoynews.tv/news/2024-04-03/2Mw4WKyS"
    },
    {
        "url": "https://www.somoynews.tv/news/2023-07-28/R51CHCWH"
    },
    {
        "url": "https://www.somoynews.tv/news/2024-03-06/A5Oz1P3L"
    },
    {
        "url": "https://www.somoynews.tv/news/2023-03-09/%E0%A6%9F%E0%A6%BF%E0%A6%B8%E0%A6%BF%E0%A6%AC%E0%A6%BF%E0%A6%B0-%E0%A6%AA%E0%A6%A3%E0%A7%8D%E0%A6%AF-%E0%A6%95%E0%A7%87%E0%A6%A8%E0%A7%87%E0%A6%A8-%E0%A6%A8%E0%A6%BE-%E0%A7%A8%E0%A7%AB-%E0%A6%B6%E0%A6%A4%E0%A6%BE%E0%A6%82%E0%A6%B6%E0%A7%87%E0%A6%B0-%E0%A6%AC%E0%A7%87%E0%A6%B6%E0%A6%BF-%E0%A6%AB%E0%A7%8D%E0%A6%AF%E0%A6%BE%E0%A6%AE%E0%A6%BF%E0%A6%B2%E0%A6%BF-%E0%A6%95%E0%A6%BE%E0%A6%B0%E0%A7%8D%E0%A6%A1%E0%A6%A7%E0%A6%BE%E0%A6%B0%E0%A7%80"
    },
    {
        "url": "https://www.somoynews.tv/news/2023-11-14/TGXxyxGE"
    },
    {
        "url": "https://www.somoynews.tv/news/2023-11-17/9AW1741U"
    },
    {
        "url": "https://www.somoynews.tv/news/2023-04-03/%E0%A6%AB%E0%A7%8D%E0%A6%AF%E0%A6%BE%E0%A6%AE%E0%A6%BF%E0%A6%B2%E0%A6%BF-%E0%A6%95%E0%A6%BE%E0%A6%B0%E0%A7%8D%E0%A6%A1%E0%A6%95%E0%A7%87-%E0%A6%B8%E0%A7%8D%E0%A6%AE%E0%A6%BE%E0%A6%B0%E0%A7%8D%E0%A6%9F-%E0%A6%95%E0%A6%BE%E0%A6%B0%E0%A7%8D%E0%A6%A1%E0%A7%87-%E0%A6%B0%E0%A7%81%E0%A6%AA%E0%A6%BE%E0%A6%A8%E0%A7%8D%E0%A6%A4%E0%A6%B0%E0%A7%87%E0%A6%B0-%E0%A6%95%E0%A6%BE%E0%A6%9C-%E0%A6%AA%E0%A7%8D%E0%A6%B0%E0%A6%95%E0%A7%8D%E0%A6%B0%E0%A6%BF%E0%A7%9F%E0%A6%BE%E0%A6%A7%E0%A7%80%E0%A6%A8-%E0%A6%AC%E0%A6%BE%E0%A6%A3%E0%A6%BF%E0%A6%9C%E0%A7%8D%E0%A6%AF%E0%A6%AE%E0%A6%A8%E0%A7%8D%E0%A6%A4%E0%A7%8D%E0%A6%B0%E0%A7%80"
    },
    {
        "url": "https://www.somoynews.tv/news/2024-06-02/UKNE04F1"
    },
    {
        "url": "https://www.somoynews.tv/news/2023-07-30/1V3MI9xX"
    },
    {
        "url": "https://www.somoynews.tv/news/2023-08-12/3U7u1VzB"
    },
    {
        "url": "https://www.somoynews.tv/news/2024-06-01/MBMQYQRB"
    },
    {
        "url": "https://www.somoynews.tv/news/2023-11-09/vKBTSwyN"
    },
    {
        "url": "https://www.somoynews.tv/news/2024-03-06/NyLIB9EK"
    },
    {
        "url": "https://www.somoynews.tv/news/2023-08-16/ASy9IXSx"
    },
    {
        "url": "https://www.somoynews.tv/news/2024-07-07/0K3DyA9u"
    },
    {
        "url": "https://www.somoynews.tv/news/2024-01-18/Rz4O63Cv"
    },
    {
        "url": "https://www.somoynews.tv/news/2023-12-14/SK81Vt6P"
    },
    {
        "url": "https://www.somoynews.tv/news/2024-05-31/Au6w8NUV"
    },
    {
        "url": "https://www.somoynews.tv/news/2023-12-06/tx3AULM6"
    },
    {
        "url": "https://www.somoynews.tv/news/2024-02-22/LWyvPvER"
    },
    {
        "url": "https://www.somoynews.tv/news/2024-07-08/z6SIJTt8"
    },
    {
        "url": "https://www.somoynews.tv/news/2023-11-20/vWNBAEWR"
    },
    {
        "url": "https://www.somoynews.tv/news/2023-10-16/vY3V7UA8"
    },
    {
        "url": "https://www.somoynews.tv/news/2023-02-01/%E0%A6%B8%E0%A7%8D%E0%A6%AC%E0%A6%9A%E0%A7%8D%E0%A6%9B%E0%A6%A4%E0%A6%BE-%E0%A6%9C%E0%A6%AC%E0%A6%BE%E0%A6%AC%E0%A6%A6%E0%A6%BF%E0%A6%B9%E0%A6%BF%E0%A6%A4%E0%A6%BE-%E0%A6%A8%E0%A6%BF%E0%A6%B6%E0%A7%8D%E0%A6%9A%E0%A6%BF%E0%A6%A4%E0%A7%87-%E0%A6%9F%E0%A6%BF%E0%A6%B8%E0%A6%BF%E0%A6%AC%E0%A6%BF%E0%A6%B0-%E0%A6%AB%E0%A7%8D%E0%A6%AF%E0%A6%BE%E0%A6%AE%E0%A6%BF%E0%A6%B2%E0%A6%BF-%E0%A6%95%E0%A6%BE%E0%A6%B0%E0%A7%8D%E0%A6%A1-%E0%A6%A1%E0%A6%BF%E0%A6%9C%E0%A6%BF%E0%A6%9F%E0%A6%BE%E0%A6%B2%E0%A7%87%E0%A6%B0-%E0%A6%A4%E0%A6%BE%E0%A6%97%E0%A6%BF%E0%A6%A6"
    },
    {
        "url": "https://www.somoynews.tv/news/2023-09-13/0UxM3YFx"
    },
    {
        "url": "https://www.somoynews.tv/news/2023-08-09/JwXE9AI3"
    },
    {
        "url": "https://www.somoynews.tv/news/2024-04-02/Q5E7QCJT"
    },
    {
        "url": "https://www.somoynews.tv/news/2023-06-17/uL2XvCyI"
    },
    {
        "url": "https://www.somoynews.tv/news/2024-02-14/X7s0IND5"
    },
    {
        "url": "https://www.somoynews.tv/news/2023-06-14/uVvz97Vz"
    },
    {
        "url": "https://www.somoynews.tv/news/2023-04-05/%E0%A6%9D%E0%A6%BF%E0%A6%A8%E0%A6%BE%E0%A6%87%E0%A6%A6%E0%A6%B9%E0%A7%87-%E0%A6%86%E0%A6%AC%E0%A6%BE%E0%A6%B0%E0%A6%93-%E0%A6%9F%E0%A6%BF%E0%A6%B8%E0%A6%BF%E0%A6%AC%E0%A6%BF%E0%A6%B0-%E0%A6%AA%E0%A6%A3%E0%A7%8D%E0%A6%AF-%E0%A6%AC%E0%A6%BF%E0%A6%95%E0%A7%8D%E0%A6%B0%E0%A6%BF-%E0%A6%B6%E0%A7%81%E0%A6%B0%E0%A7%81"
    },
    {
        "url": "https://www.somoynews.tv/news/2024-01-18/3Ntzsvw2"
    },
    {
        "url": "https://www.somoynews.tv/news/2024-04-25/GD3zXOH7"
    },
    {
        "url": "https://www.somoynews.tv/news/2023-06-22/2QH8RWQu"
    },
    {
        "url": "https://www.somoynews.tv/news/2024-04-02/R34UsHFw"
    },
    {
        "url": "https://www.somoynews.tv/news/2024-04-01/Y2WStH92"
    },
    {
        "url": "https://www.somoynews.tv/news/2024-05-07/CNvDUCPZ"
    },
    {
        "url": "https://www.somoynews.tv/news/2023-07-29/LVOOG10V"
    },
    {
        "url": "https://www.somoynews.tv/news/2024-01-23/2w1t605V"
    },
    {
        "url": "https://www.somoynews.tv/news/2023-07-10/NI5JNCNW"
    },
    {
        "url": "https://www.somoynews.tv/news/2023-03-08/%E0%A6%B0%E0%A7%8B%E0%A6%9C%E0%A6%BE%E0%A7%9F-%E0%A6%96%E0%A7%87%E0%A6%9C%E0%A7%81%E0%A6%B0-%E0%A7%A7%E0%A7%A6%E0%A7%A6-%E0%A6%9F%E0%A6%BE%E0%A6%95%E0%A6%BE-%E0%A7%AB%E0%A7%A6-%E0%A6%9F%E0%A6%BE%E0%A6%95%E0%A6%BE%E0%A7%9F-%E0%A6%9B%E0%A7%8B%E0%A6%B2%E0%A6%BE-%E0%A6%AC%E0%A7%87%E0%A6%9A%E0%A6%AC%E0%A7%87-%E0%A6%9F%E0%A6%BF%E0%A6%B8%E0%A6%BF%E0%A6%AC%E0%A6%BF"
    },
    {
        "url": "https://www.somoynews.tv/news/2024-07-11/2stNI1zR"
    },
    {
        "url": "https://www.somoynews.tv/news/2023-10-15/IFR7LD9y"
    },
    {
        "url": "https://www.somoynews.tv/news/2023-07-30/060GDs4K"
    },
    {
        "url": "https://www.somoynews.tv/news/2023-12-06/WyK7ECyt"
    },
    {
        "url": "https://www.somoynews.tv/news/2023-06-25/MFUws80x"
    },
    {
        "url": "https://www.somoynews.tv/news/2024-03-07/01K23vBJ"
    },
    {
        "url": "https://www.somoynews.tv/news/2024-06-04/R6Z12LWJ"
    },
    {
        "url": "https://www.somoynews.tv/news/2023-07-26/VKIYUEK8"
    },
    {
        "url": "https://www.somoynews.tv/news/2023-02-09/%E0%A6%9F%E0%A6%BF%E0%A6%B8%E0%A6%BF%E0%A6%AC%E0%A6%BF%E0%A6%B0-%E0%A6%AA%E0%A6%A3%E0%A7%8D%E0%A6%AF-%E0%A6%9A%E0%A7%81%E0%A6%B0%E0%A6%BF-%E0%A6%95%E0%A6%B0%E0%A7%87-%E0%A6%AC%E0%A6%BF%E0%A6%95%E0%A7%8D%E0%A6%B0%E0%A6%BF-%E0%A6%97%E0%A7%8D%E0%A6%B0%E0%A7%87%E0%A6%AB%E0%A6%A4%E0%A6%BE%E0%A6%B0-%E0%A7%AA"
    },
    {
        "url": "https://www.somoynews.tv/news/2023-07-15/X1suU5yZ"
    },
    {
        "url": "https://www.somoynews.tv/news/2024-02-03/9ZILAV9M"
    },
    {
        "url": "https://www.somoynews.tv/news/2023-08-24/X0A1UX01"
    },
    {
        "url": "https://www.somoynews.tv/news/2024-05-06/UWzxC35F"
    },
    {
        "url": "https://www.somoynews.tv/news/2023-09-20/M60WFTNx"
    },
    {
        "url": "https://www.somoynews.tv/news/2023-10-15/0ISRVQuy"
    },
    {
        "url": "https://www.somoynews.tv/news/2024-02-03/XxDTNF4x"
    },
    {
        "url": "https://www.somoynews.tv/news/2024-03-07/z40YK2BC"
    },
    {
        "url": "https://www.somoynews.tv/news/2023-10-15/BDOZ6PXZ"
    },
    {
        "url": "https://www.somoynews.tv/news/2023-08-30/V24zyOF1"
    },
    {
        "url": "https://www.somoynews.tv/news/2024-01-18/0EAs5WJK"
    },
    {
        "url": "https://www.somoynews.tv/news/2024-04-02/uSJB59XS"
    },
    {
        "url": "https://www.somoynews.tv/news/2023-11-09/vu4zVOA5"
    },
    {
        "url": "https://www.somoynews.tv/news/2024-03-27/XJ97xUKT"
    },
    {
        "url": "https://www.somoynews.tv/news/2023-12-05/53v1N5M8"
    },
    {
        "url": "https://www.somoynews.tv/news/2024-04-02/10uWU1tR"
    },
    {
        "url": "https://www.somoynews.tv/news/2024-01-14/M3KK9xV3"
    },
    {
        "url": "https://www.somoynews.tv/news/2023-04-02/%E0%A6%A6%E0%A7%8D%E0%A6%AC%E0%A6%BF%E0%A6%A4%E0%A7%80%E0%A7%9F-%E0%A6%A6%E0%A6%AB%E0%A6%BE%E0%A7%9F-%E0%A6%9F%E0%A6%BF%E0%A6%B8%E0%A6%BF%E0%A6%AC%E0%A6%BF%E0%A6%B0-%E0%A6%AC%E0%A6%BF%E0%A6%95%E0%A7%8D%E0%A6%B0%E0%A7%9F-%E0%A6%95%E0%A6%BE%E0%A6%B0%E0%A7%8D%E0%A6%AF%E0%A6%95%E0%A7%8D%E0%A6%B0%E0%A6%AE-%E0%A6%B6%E0%A7%81%E0%A6%B0%E0%A7%81-%E0%A6%B8%E0%A7%8B%E0%A6%AE%E0%A6%AC%E0%A6%BE%E0%A6%B0"
    },
    {
        "url": "https://www.somoynews.tv/news/2024-08-02/QCtMu5w4"
    },
    {
        "url": "https://www.somoynews.tv/news/2024-05-07/AEK5QSH2"
    },
    {
        "url": "https://www.somoynews.tv/news/2024-09-14/xF0Y8JuL"
    },
    {
        "url": "https://www.somoynews.tv/news/2023-09-13/SDVJY2DE"
    },
    {
        "url": "https://www.somoynews.tv/news/2023-12-13/N0EXZB45"
    },
    {
        "url": "https://www.somoynews.tv/news/2024-04-02/NwR19SBF"
    },
    {
        "url": "https://www.somoynews.tv/news/2023-12-06/5B2IsA7A"
    },
    {
        "url": "https://www.somoynews.tv/news/2023-11-15/uYPUGLz7"
    },
    {
        "url": "https://www.somoynews.tv/news/2024-11-06/K8LNCuI0"
    }
]