[
    
    {
        "url": "https://www.bhorerkagoj.com/economics/705541"
    },
    {
        "url": "https://www.bhorerkagoj.com/national/705006"
    },
    {
        "url": "https://www.bhorerkagoj.com/national/701424"
    },
    {
        "url": "https://www.bhorerkagoj.com/national/167516"
    },
    {
        "url": "https://www.bhorerkagoj.com/national/167150"
    },
    {
        "url": "https://www.bhorerkagoj.com/country/163139"
    },
    {
        "url": "https://www.bhorerkagoj.com/economics/162759"
    },
    {
        "url": "https://www.bhorerkagoj.com/economics/160964"
    },
    {
        "url": "https://www.bhorerkagoj.com/country/159628"
    },
    {
        "url": "https://www.bhorerkagoj.com/national/157825"
    },
    {
        "url": "https://www.bhorerkagoj.com/national/154899"
    },
    {
        "url": "https://www.bhorerkagoj.com/economics/154814"
    },
    {
        "url": "https://www.bhorerkagoj.com/country/154363"
    },
    {
        "url": "https://www.bhorerkagoj.com/national/151469"
    },
    {
        "url": "https://www.bhorerkagoj.com/national/151459"
    },
    {
        "url": "https://www.bhorerkagoj.com/national/149108"
    },
    {
        "url": "https://www.bhorerkagoj.com/country/144332"
    },
    {
        "url": "https://www.bhorerkagoj.com/country/143918"
    },
    {
        "url": "https://www.bhorerkagoj.com/economics/143565"
    },
    {
        "url": "https://www.bhorerkagoj.com/country/142915"
    },
    {
        "url": "https://www.bhorerkagoj.com/country/142599"
    },
    {
        "url": "https://www.bhorerkagoj.com/national/140548"
    },
    {
        "url": "https://www.bhorerkagoj.com/economics/140537"
    },
    {
        "url": "https://www.bhorerkagoj.com/national/138991"
    },
    {
        "url": "https://www.bhorerkagoj.com/economics/135149"
    },
    {
        "url": "https://www.bhorerkagoj.com/national/134090"
    },
    {
        "url": "https://www.bhorerkagoj.com/national/132937"
    },
    {
        "url": "https://www.bhorerkagoj.com/national/131478"
    },
    {
        "url": "https://www.bhorerkagoj.com/national/131380"
    },
    {
        "url": "https://www.bhorerkagoj.com/national/126416"
    },
    {
        "url": "https://www.bhorerkagoj.com/national/126362"
    },
    {
        "url": "https://www.bhorerkagoj.com/national/125714"
    },
    {
        "url": "https://www.bhorerkagoj.com/national/125664"
    },
    {
        "url": "https://www.bhorerkagoj.com/national/124477"
    },
    {
        "url": "https://www.bhorerkagoj.com/country/122481"
    },
    {
        "url": "https://www.bhorerkagoj.com/national/122436"
    },
    {
        "url": "https://www.bhorerkagoj.com/national/122367"
    },
    {
        "url": "https://www.bhorerkagoj.com/national/119403"
    },
    {
        "url": "https://www.bhorerkagoj.com/national/119377"
    },
    {
        "url": "https://www.bhorerkagoj.com/national/117191"
    },
    {
        "url": "https://www.bhorerkagoj.com/national/117165"
    },
    {
        "url": "https://www.bhorerkagoj.com/national/114569"
    },
    {
        "url": "https://www.bhorerkagoj.com/economics/112035"
    },
    {
        "url": "https://www.bhorerkagoj.com/national/111291"
    },
    {
        "url": "https://www.bhorerkagoj.com/national/111156"
    },
    {
        "url": "https://www.bhorerkagoj.com/country/111055"
    },
    {
        "url": "https://www.bhorerkagoj.com/politics/110805"
    },
    {
        "url": "https://www.bhorerkagoj.com/economics/110760"
    },
    {
        "url": "https://www.bhorerkagoj.com/national/110063"
    },
    {
        "url": "https://www.bhorerkagoj.com/old-data/109047"
    },
    {
        "url": "https://www.bhorerkagoj.com/economics/105258"
    },
    {
        "url": "https://www.bhorerkagoj.com/economics/103177"
    },
    {
        "url": "https://www.bhorerkagoj.com/economics/91508"
    },
    {
        "url": "https://www.bhorerkagoj.com/economics/91358"
    },
    {
        "url": "https://www.bhorerkagoj.com/economics/90626"
    },
    {
        "url": "https://www.bhorerkagoj.com/country/87769"
    },
    {
        "url": "https://www.bhorerkagoj.com/old-data/86928"
    },
    {
        "url": "https://www.bhorerkagoj.com/national/86022"
    },
    {
        "url": "https://www.bhorerkagoj.com/national/72907"
    },
    {
        "url": "https://www.bhorerkagoj.com/old-data/72446"
    },
    {
        "url": "https://www.bhorerkagoj.com/economics/70720"
    },
    {
        "url": "https://www.bhorerkagoj.com/national/70686"
    },
    {
        "url": "https://www.bhorerkagoj.com/old-data/70535"
    },
    {
        "url": "https://www.bhorerkagoj.com/crime/61445"
    },
    {
        "url": "https://www.bhorerkagoj.com/national/61363"
    },
    {
        "url": "https://www.bhorerkagoj.com/country/61039"
    },
    {
        "url": "https://www.bhorerkagoj.com/country/60767"
    },
    {
        "url": "https://www.bhorerkagoj.com/national/60652"
    },
    {
        "url": "https://www.bhorerkagoj.com/country/60109"
    },
    {
        "url": "https://www.bhorerkagoj.com/economics/59851"
    },
    {
        "url": "https://www.bhorerkagoj.com/national/59762"
    },
    {
        "url": "https://www.bhorerkagoj.com/videos/59157"
    },
    {
        "url": "https://www.bhorerkagoj.com/country/58146"
    },
    {
        "url": "https://www.bhorerkagoj.com/national/54553"
    },
    {
        "url": "https://www.bhorerkagoj.com/country/54118"
    },
    {
        "url": "https://www.bhorerkagoj.com/economics/53870"
    },
    {
        "url": "https://www.bhorerkagoj.com/country/53462"
    },
    {
        "url": "https://www.bhorerkagoj.com/national/52016"
    },
    {
        "url": "https://www.bhorerkagoj.com/country/51945"
    },
    {
        "url": "https://www.bhorerkagoj.com/country/51847"
    },
    {
        "url": "https://www.bhorerkagoj.com/country/51757"
    },
    {
        "url": "https://www.bhorerkagoj.com/old-data/47292"
    }
]