[
    {
        "url": "https://www.bhorerkagoj.com/economics/750555"
    },
    {
        "url": "https://www.bhorerkagoj.com/rajshahi/743535"
    },
    {
        "url": "https://www.bhorerkagoj.com/national/737131"
    },
    {
        "url": "https://www.bhorerkagoj.com/national/723483"
    },
    {
        "url": "https://www.bhorerkagoj.com/national/722715"
    },
    {
        "url": "https://www.bhorerkagoj.com/national/716499"
    },
    {
        "url": "https://www.bhorerkagoj.com/economics/714313"
    },
    {
        "url": "https://www.bhorerkagoj.com/national/713346"
    },
    {
        "url": "https://www.bhorerkagoj.com/national/709928"
    },
    {
        "url": "https://www.bhorerkagoj.com/national/706810"
    },
    {
        "url": "https://www.bhorerkagoj.com/national/705818"
    }
]