[
    {
        "url": "https://www.dhakapost.com/country/309044"
    },
    {
        "url": "https://www.dhakapost.com/national/99431"
    },
    {
        "url": "https://www.dhakapost.com/country/183260"
    },
    {
        "url": "https://www.dhakapost.com/national/160172"
    },
    {
        "url": "https://www.dhakapost.com/national/138733"
    },
    {
        "url": "https://www.dhakapost.com/economy/132166"
    },
    {
        "url": "https://www.dhakapost.com/economy/178673"
    },
    {
        "url": "https://www.dhakapost.com/economy/160404"
    },
    {
        "url": "https://www.dhakapost.com/country/105432"
    },
    {
        "url": "https://www.dhakapost.com/economy/283994"
    },
    {
        "url": "https://www.dhakapost.com/economy/237586"
    },
    {
        "url": "https://www.dhakapost.com/economy/22872"
    },
    {
        "url": "https://www.dhakapost.com/country/28893"
    },
    {
        "url": "https://www.dhakapost.com/economy/248275"
    },
    {
        "url": "https://www.dhakapost.com/economy/291203"
    },
    {
        "url": "https://www.dhakapost.com/national/255063"
    },
    {
        "url": "https://www.dhakapost.com/economy/270160"
    },
    {
        "url": "https://www.dhakapost.com/economy/203493"
    },
    {
        "url": "https://www.dhakapost.com/economy/306952"
    },
    {
        "url": "https://www.dhakapost.com/economy/243194"
    },
    {
        "url": "https://www.dhakapost.com/economy/27030"
    },
    {
        "url": "https://www.dhakapost.com/country/17549"
    },
    {
        "url": "https://www.dhakapost.com/national/204091"
    },
    {
        "url": "https://www.dhakapost.com/economy/236279"
    },
    {
        "url": "https://www.dhakapost.com/economy/215038"
    },
    {
        "url": "https://www.dhakapost.com/economy/211029"
    },
    {
        "url": "https://www.dhakapost.com/country/180405"
    },
    {
        "url": "https://www.dhakapost.com/national/244976"
    },
    {
        "url": "https://www.dhakapost.com/economy/101264"
    },
    {
        "url": "https://www.dhakapost.com/economy/21009"
    },
    {
        "url": "https://www.dhakapost.com/economy/307028"
    },
    {
        "url": "https://www.dhakapost.com/national/256604"
    },
    {
        "url": "https://www.dhakapost.com/country/105157"
    },
    {
        "url": "https://www.dhakapost.com/economy/277253"
    },
    {
        "url": "https://www.dhakapost.com/national/107761"
    },
    {
        "url": "https://www.dhakapost.com/economy/291354"
    },
    {
        "url": "https://www.dhakapost.com/economy/237716"
    },
    {
        "url": "https://www.dhakapost.com/economy/49029"
    },
    {
        "url": "https://www.dhakapost.com/country/111800"
    },
    {
        "url": "https://www.dhakapost.com/economy/178654"
    },
    {
        "url": "https://www.dhakapost.com/economy/114519"
    },
    {
        "url": "https://www.dhakapost.com/economy/222473"
    },
    {
        "url": "https://www.dhakapost.com/national/285647"
    },
    {
        "url": "https://www.dhakapost.com/national/251839"
    },
    {
        "url": "https://www.dhakapost.com/national/49175"
    },
    {
        "url": "https://www.dhakapost.com/national/192461"
    },
    {
        "url": "https://www.dhakapost.com/economy/103121"
    },
    {
        "url": "https://www.dhakapost.com/economy/115316"
    },
    {
        "url": "https://www.dhakapost.com/country/55072"
    },
    {
        "url": "https://www.dhakapost.com/economy/316230"
    },
    {
        "url": "https://www.dhakapost.com/economy/260804"
    },
    {
        "url": "https://www.dhakapost.com/economy/104201"
    },
    {
        "url": "https://www.dhakapost.com/economy/168208"
    },
    {
        "url": "https://www.dhakapost.com/economy/201090"
    },
    {
        "url": "https://www.dhakapost.com/economy/317359"
    },
    {
        "url": "https://www.dhakapost.com/opinion/101032"
    },
    {
        "url": "https://www.dhakapost.com/economy/196242"
    },
    {
        "url": "https://www.dhakapost.com/economy/182021"
    },
    {
        "url": "https://www.dhakapost.com/economy/316500"
    },
    {
        "url": "https://www.dhakapost.com/economy/36701"
    },
    {
        "url": "https://www.dhakapost.com/country/105158"
    },
    {
        "url": "https://www.dhakapost.com/country/178730"
    },
    {
        "url": "https://www.dhakapost.com/country/276492"
    },
    {
        "url": "https://www.dhakapost.com/national/105040"
    },
    {
        "url": "https://www.dhakapost.com/national/24897"
    },
    {
        "url": "https://www.dhakapost.com/national/232453"
    },
    {
        "url": "https://www.dhakapost.com/economy/105248"
    },
    {
        "url": "https://www.dhakapost.com/economy/264386"
    },
    {
        "url": "https://www.dhakapost.com/economy/116053"
    },
    {
        "url": "https://www.dhakapost.com/economy/270534"
    },
    {
        "url": "https://www.dhakapost.com/economy/124145"
    },
    {
        "url": "https://www.dhakapost.com/national/140954"
    },
    {
        "url": "https://www.dhakapost.com/economy/17768"
    },
    {
        "url": "https://www.dhakapost.com/national/147700"
    },
    {
        "url": "https://www.dhakapost.com/economy/44900"
    },
    {
        "url": "https://www.dhakapost.com/economy/141661"
    },
    {
        "url": "https://www.dhakapost.com/country/28024"
    },
    {
        "url": "https://www.dhakapost.com/national/46048"
    },
    {
        "url": "https://www.dhakapost.com/economy/321487"
    },
    {
        "url": "https://www.dhakapost.com/national/183644"
    },
    {
        "url": "https://www.dhakapost.com/economy/118312"
    },
    {
        "url": "https://www.dhakapost.com/economy/116589"
    },
    {
        "url": "https://www.dhakapost.com/economy/73796"
    },
    {
        "url": "https://www.dhakapost.com/economy/272678"
    },
    {
        "url": "https://www.dhakapost.com/national/274791"
    },
    {
        "url": "https://www.dhakapost.com/national/237414"
    },
    {
        "url": "https://www.dhakapost.com/country/184165"
    },
    {
        "url": "https://www.dhakapost.com/economy/88185"
    },
    {
        "url": "https://www.dhakapost.com/economy/163518"
    },
    {
        "url": "https://www.dhakapost.com/national/62859"
    },
    {
        "url": "https://www.dhakapost.com/economy/28976"
    },
    {
        "url": "https://www.dhakapost.com/economy/149211"
    },
    {
        "url": "https://www.dhakapost.com/economy/104251"
    },
    {
        "url": "https://www.dhakapost.com/economy/106807"
    },
    {
        "url": "https://www.dhakapost.com/country/255739"
    },
    {
        "url": "https://www.dhakapost.com/national/139210"
    },
    {
        "url": "https://www.dhakapost.com/economy/184282"
    },
    {
        "url": "https://www.dhakapost.com/economy/282103"
    },
    {
        "url": "https://www.dhakapost.com/national/184971"
    },
    {
        "url": "https://www.dhakapost.com/economy/256047"
    },
    {
        "url": "https://www.dhakapost.com/economy/252684"
    },
    {
        "url": "https://www.dhakapost.com/economy/104851"
    },
    {
        "url": "https://www.dhakapost.com/economy/96080"
    },
    {
        "url": "https://www.dhakapost.com/economy/203541"
    },
    {
        "url": "https://www.dhakapost.com/economy/201432"
    },
    {
        "url": "https://www.dhakapost.com/economy/104843"
    },
    {
        "url": "https://www.dhakapost.com/economy/114706"
    },
    {
        "url": "https://www.dhakapost.com/economy/23460"
    },
    {
        "url": "https://www.dhakapost.com/economy/72599"
    },
    {
        "url": "https://www.dhakapost.com/national/166086"
    },
    {
        "url": "https://www.dhakapost.com/national/185976"
    },
    {
        "url": "https://www.dhakapost.com/economy/102085"
    },
    {
        "url": "https://www.dhakapost.com/national/252439"
    },
    {
        "url": "https://www.dhakapost.com/economy/44031"
    },
    {
        "url": "https://www.dhakapost.com/economy/264372"
    },
    {
        "url": "https://www.dhakapost.com/economy/264287"
    },
    {
        "url": "https://www.dhakapost.com/national/105630"
    },
    {
        "url": "https://www.dhakapost.com/national/288633"
    },
    {
        "url": "https://www.dhakapost.com/economy/70109"
    },
    {
        "url": "https://www.dhakapost.com/economy/24564"
    },
    {
        "url": "https://www.dhakapost.com/economy/227236"
    },
    {
        "url": "https://www.dhakapost.com/national/208337"
    },
    {
        "url": "https://www.dhakapost.com/national/147787"
    },
    {
        "url": "https://www.dhakapost.com/economy/270076"
    },
    {
        "url": "https://www.dhakapost.com/national/134462"
    },
    {
        "url": "https://www.dhakapost.com/national/110670"
    },
    {
        "url": "https://www.dhakapost.com/country/178966"
    },
    {
        "url": "https://www.dhakapost.com/economy/253501"
    },
    {
        "url": "https://www.dhakapost.com/national/27169"
    },
    {
        "url": "https://www.dhakapost.com/country/44889"
    },
    {
        "url": "https://www.dhakapost.com/economy/68820"
    },
    {
        "url": "https://www.dhakapost.com/economy/243196"
    },
    {
        "url": "https://www.dhakapost.com/economy/95258"
    },
    {
        "url": "https://www.dhakapost.com/economy/152880"
    },
    {
        "url": "https://www.dhakapost.com/economy/108862"
    },
    {
        "url": "https://www.dhakapost.com/economy/172561"
    },
    {
        "url": "https://www.dhakapost.com/economy/175386"
    },
    {
        "url": "https://www.dhakapost.com/economy/229869"
    },
    {
        "url": "https://www.dhakapost.com/country/46718"
    },
    {
        "url": "https://www.dhakapost.com/country/219090"
    },
    {
        "url": "https://www.dhakapost.com/economy/18990"
    },
    {
        "url": "https://www.dhakapost.com/national/254306"
    },
    {
        "url": "https://www.dhakapost.com/economy/141663"
    },
    {
        "url": "https://www.dhakapost.com/economy/277151"
    },
    {
        "url": "https://www.dhakapost.com/economy/59067"
    },
    {
        "url": "https://www.dhakapost.com/national/166002"
    },
    {
        "url": "https://www.dhakapost.com/country/182417"
    },
    {
        "url": "https://www.dhakapost.com/economy/236537"
    },
    {
        "url": "https://www.dhakapost.com/economy/243115"
    },
    {
        "url": "https://www.dhakapost.com/national/104217"
    },
    {
        "url": "https://www.dhakapost.com/economy/68190"
    },
    {
        "url": "https://www.dhakapost.com/national/215158"
    },
    {
        "url": "https://www.dhakapost.com/economy/279299"
    },
    {
        "url": "https://www.dhakapost.com/economy/215932"
    },
    {
        "url": "https://www.dhakapost.com/national/173920"
    },
    {
        "url": "https://www.dhakapost.com/national/142938"
    },
    {
        "url": "https://www.dhakapost.com/economy/29679"
    },
    {
        "url": "https://www.dhakapost.com/country/106760"
    },
    {
        "url": "https://www.dhakapost.com/economy/105077"
    },
    {
        "url": "https://www.dhakapost.com/economy/237689"
    },
    {
        "url": "https://www.dhakapost.com/economy/219190"
    },
    {
        "url": "https://www.dhakapost.com/economy/152984"
    },
    {
        "url": "https://www.dhakapost.com/national/164183"
    },
    {
        "url": "https://www.dhakapost.com/economy/214364"
    },
    {
        "url": "https://www.dhakapost.com/national/184987"
    },
    {
        "url": "https://www.dhakapost.com/national/149312"
    },
    {
        "url": "https://www.dhakapost.com/national/229682"
    },
    {
        "url": "https://www.dhakapost.com/economy/200996"
    },
    {
        "url": "https://www.dhakapost.com/economy/283272"
    },
    {
        "url": "https://www.dhakapost.com/economy/68306"
    },
    {
        "url": "https://www.dhakapost.com/country/106337"
    },
    {
        "url": "https://www.dhakapost.com/economy/81525"
    },
    {
        "url": "https://www.dhakapost.com/economy/66996"
    },
    {
        "url": "https://www.dhakapost.com/economy/193489"
    },
    {
        "url": "https://www.dhakapost.com/country/215275"
    },
    {
        "url": "https://www.dhakapost.com/economy/194504"
    },
    {
        "url": "https://www.dhakapost.com/economy/178736"
    },
    {
        "url": "https://www.dhakapost.com/economy/224071"
    },
    {
        "url": "https://www.dhakapost.com/economy/165898"
    },
    {
        "url": "https://www.dhakapost.com/country/267359"
    },
    {
        "url": "https://www.dhakapost.com/economy/148376"
    },
    {
        "url": "https://www.dhakapost.com/country/185544"
    },
    {
        "url": "https://www.dhakapost.com/national/21185"
    },
    {
        "url": "https://www.dhakapost.com/national/283413"
    },
    {
        "url": "https://www.dhakapost.com/economy/44574"
    },
    {
        "url": "https://www.dhakapost.com/national/228164"
    },
    {
        "url": "https://www.dhakapost.com/country/106734"
    },
    {
        "url": "https://www.dhakapost.com/economy/254793"
    },
    {
        "url": "https://www.dhakapost.com/economy/234394"
    },
    {
        "url": "https://www.dhakapost.com/country/24389"
    },
    {
        "url": "https://www.dhakapost.com/economy/253683"
    },
    {
        "url": "https://www.dhakapost.com/economy/116036"
    }
]